FIR_No,PS_Name,U/S,Date_Of_Crash_DP
1,MadhuVihar,279/304 A IPC,01-Jan-19
1,Shahdara,279/337/304 A IPC,01-Jan-19
1,Narelalnd. Area,279/304 A IPC,01-Jan-19
1,Subhash Place,279/304 A IPC,04-Jan-19
3,Tilak Nagar,279/304 A IPC,15-Jan-19
3,CIVIL LINESAmbedkar Nagar,279/304 A IPC,01-Jan-19
4,TilakMarg,279/304 A IPC,03-Jan-19
5,Vasant Vihar,279/304 A IPC,04-Jan-19
12,Shastri Park,279/304 A IPC,11-Jan-19
18,Delhi Cantt.,279/304 A IPC,12-Jan-19
19,Pandav Nagar,279/304 A IPC,14-Jan-19
27,Kotwali,279/304 A IPC,20-Jan-19
29,TilakMarg,279/304 A IPC,14-Jan-19
34,Darya Ganj,279/304 A IPC,06-Feb-19
41,Narela,279/304 A IPC,28-Jan-19
42,South Campus,279/304 A IPC,22-Apr-19
44,Tilak Nagar,279/337/304 A IPC,12-May-19
44,Narelalnd. Area,279/304 A IPC,07-Feb-19
45,Narelalnd. Area,279/304 A IPC,08-Feb-19
50,Narelalnd. Area,279/337/304 A IPC,11-Feb-19
58,Tilak Nagar,279/304 A IPC,08-Jun-19
59,GulabiBagh,279/337/304 A IPC,05-Jun-19
70,Narelalnd. Area,279/304 A IPC,26-Feb-19
72,Tilak Nagar,279/304 A IPC,09-Aug-19
74,Subhash Place,279/304 A IPC,12-Mar-19
83,Tilak Nagar,279/337/304 A IPC,03-Sep-19
83,Narelalnd. Area,279/304 A IPC,10-Mar-19
87,Narelalnd. Area,279/304 A IPC,14-Mar-19
99,Vivek Vihar,279/337/304 A IPC,22-Mar-19
100,Keshav Puram,279/304 A IPC,12-Mar-19
101,Tilak Nagar,279/304 A IPC,20-Oct-19
102,Tilak Nagar,279/304 A IPC,26-Oct-19
103,Narelalnd. Area,279/304 A IPC,25-Mar-19
108,Tilak Nagar,279/304 A IPC,03-Nov-19
133,Narelalnd. Area,279/304 A IPC,11-Apr-19
137,Narela,279/304 A IPC,17-Mar-19
146,Narelalnd. Area,279/304 A IPC,21-Apr-19
151,Narelalnd. Area,279/304 A IPC,22-Apr-19
157,Sadar Bazar,279/304 A IPC,07-Sep-19
160,Jahangir Puri,279/304 A IPC,19-Mar-19
169,Najafgarh,279/304 A IPC,11-Apr-19
180,G.T B. Enclave,279/304 A IPC,23-Apr-19
192,Narela,279/337/304 A IPC,10-Apr-19
202,Narela,279/337/304 A IPC,15-Apr-19
203,Nangloi,279/304 A IPC,26-Apr-19
206,Narela,279/304 A IPC,16-Apr-19
209,TilakMarg,279/304 A IPC,23-Apr-19
212,TilakMarg,279/337/304 A IPC,23-Apr-19
224,Narelalnd. Area,279/304 A IPC,08-Jun-19
226,Seema Puri,279/304 A IPC,07-Apr-19
234,ParshantVihar,279/304 A IPC,11-Sep-19
240,I.P. Estate,279/304 A IPC,29-Oct-19
240,Shahbad Dairy,279/304 A IPC,01-Jun-19
266,Narelalnd. Area,279/304 A IPC,08-Jul-19
269,Kotwali,279/304 A IPC,16-Aug-19
273,Safdarjung Enclave,279/304 A IPC,05-Oct-19
304,Narela,279/337/304 A IPC,08-Jun-19
309,TilakMarg,279/337/304 A IPC,25-Jun-19
320,Bawana,279/304 A IPC,13-Jul-19
324,Bawana,279/304 A IPC,14-Jul-19
324,TilakMarg,279/304 A IPC,08-Jul-19
348,Vasant Kunj (South),279/304 A IPC,09-Jul-19
353,Kotwali,279/304 A IPC,30-Oct-19
354,Mehrauli,279/337/304 A IPC,11-Jun-19
366,Narelalnd. Area,279/304 A IPC,16-Aug-19
369,TilakMarg,279/304 A IPC,31-Jul-19
377,Subhash Place,279/304 A IPC,21-Oct-19
404,Chhawla,279/304 A IPC,05-Oct-19
427,Narelalnd. Area,279/304 A IPC,29-Sep-19
434,Mahendra Park,279/304 A IPC,03-Nov-19
438,Model Town,279/304 A IPC,14-Oct-19
459,Dwarka North,279/304 A IPC,29-Oct-19
474,Narelalnd. Area,279/304 A IPC,02-Nov-19
483,Narelalnd. Area,279/304 A IPC,11-Nov-19
499,Narela,279/304 A IPC,14-Aug-19
507,TilakMarg,279/304 A IPC,08-Oct-19
522,Narela,279/304 A IPC,23-Aug-19
547,Narela,279/304 A IPC,05-Sep-19
563,Jahangir Puri,279/304 A IPC,20-Nov-19
578,Jahangir Puri,279/304 A IPC,29-Nov-19
596,TilakMarg,279/304 A IPC,21-Nov-19
608,TilakMarg,279/304 A IPC,28-Nov-19
637,KhajuriKhas,279/304 A IPC,08-Dec-19
646,KhajuriKhas,279/337/304 A IPC,13-Dec-19
